Div,Form,Spreadsheet,#,Slug,Done,Checked,Embed Standings,Display Standings,Promotion Scheme,To copy to website
A1,https://docs.google.com/forms/d/e/1FAIpQLSfxVfEJUvuHkvjcmVNfTLkV97htjYV5Junl5xFSmfIIohNcBQ/viewform,https://docs.google.com/spreadsheets/d/1lJO1P-un3N_-Lo6KdgtEvDzsBGaLVJe4ZTeNEAtWmvE,6,s77/a1,TRUE,TRUE,"<iframe src=""https://docs.google.com/spreadsheets/d/e/2PACX-1vSV5JZPMLqMZbJ0CVfnCFbHGfcuoznI5ryKkzmkevSVloUPG7izZ6q7AcJHDlwBGp9GLTRuI2p4aJMm/pubhtml?gid=51367274&amp;single=true&amp;widget=true&amp;headers=false""></iframe>",https://docs.google.com/spreadsheets/d/e/2PACX-1vSV5JZPMLqMZbJ0CVfnCFbHGfcuoznI5ryKkzmkevSVloUPG7izZ6q7AcJHDlwBGp9GLTRuI2p4aJMm/pubhtml,TRUE,"<div id=""A1"" class=""current-standings filterDiv divA""><iframe src=""https://docs.google.com/spreadsheets/d/e/2PACX-1vSV5JZPMLqMZbJ0CVfnCFbHGfcuoznI5ryKkzmkevSVloUPG7izZ6q7AcJHDlwBGp9GLTRuI2p4aJMm/pubhtml?gid=51367274&amp;single=true&amp;widget=true&amp;headers=false""></iframe></div>"
B1,https://docs.google.com/forms/d/e/1FAIpQLSchAoWj_tp_hhfNf9-MrQXt52_qA82D2JzWGzhSneQlkUQADA/viewform,https://docs.google.com/spreadsheets/d/11YlkQ1vnwWyyB8UZVrMmaJBdwo1KRwKCUoLjQh_KnXo,6,s77/b1,TRUE,TRUE,"<iframe src=""https://docs.google.com/spreadsheets/d/e/2PACX-1vSdIm7TL_e4wtmROdiO1tr80TIscdXEBe9puWpwI23dTSaBJfkLORU84SlXF9KhgLzt50SCcdVq2Usy/pubhtml?gid=455303364&amp;single=true&amp;widget=true&amp;headers=false""></iframe>",https://docs.google.com/spreadsheets/d/e/2PACX-1vSdIm7TL_e4wtmROdiO1tr80TIscdXEBe9puWpwI23dTSaBJfkLORU84SlXF9KhgLzt50SCcdVq2Usy/pubhtml,TRUE,"<div id=""B1"" class=""current-standings filterDiv divB""><iframe src=""https://docs.google.com/spreadsheets/d/e/2PACX-1vSdIm7TL_e4wtmROdiO1tr80TIscdXEBe9puWpwI23dTSaBJfkLORU84SlXF9KhgLzt50SCcdVq2Usy/pubhtml?gid=455303364&amp;single=true&amp;widget=true&amp;headers=false""></iframe></div>"
B2,https://docs.google.com/forms/d/e/1FAIpQLSeff-qa333JcvO7vuLMkfgSFTKUDe4kh52SeXoRaOkpW8_bOg/viewform,https://docs.google.com/spreadsheets/d/1tKmID2CoFXrJoODPPlKj9aa6FtrtAWLKQda20bsp2EY,6,s77/b2,TRUE,TRUE,"<iframe src=""https://docs.google.com/spreadsheets/d/e/2PACX-1vT4nywKYgmUjKlARlGat9_lCLnKEM4Ob8MqNwKlQpJtXm8RLIqYYwW716F7fzG1Kff4x3L0w7ae3pzA/pubhtml?gid=1489590204&amp;single=true&amp;widget=true&amp;headers=false""></iframe>",https://docs.google.com/spreadsheets/d/e/2PACX-1vT4nywKYgmUjKlARlGat9_lCLnKEM4Ob8MqNwKlQpJtXm8RLIqYYwW716F7fzG1Kff4x3L0w7ae3pzA/pubhtml,TRUE,"<div id=""B2"" class=""current-standings filterDiv divB""><iframe src=""https://docs.google.com/spreadsheets/d/e/2PACX-1vT4nywKYgmUjKlARlGat9_lCLnKEM4Ob8MqNwKlQpJtXm8RLIqYYwW716F7fzG1Kff4x3L0w7ae3pzA/pubhtml?gid=1489590204&amp;single=true&amp;widget=true&amp;headers=false""></iframe></div>"
C1,https://docs.google.com/forms/d/e/1FAIpQLSdewLF5IJNT1WBKzVRZh4xHc5y8gHlVDLWSeNwK6qOySNtVDQ/viewform,https://docs.google.com/spreadsheets/d/1po3RPebcz8bnxRjt84m1DW6q2NZ2RRW_gRqZV9Vcorg,6,s77/c1,TRUE,TRUE,"<iframe src=""https://docs.google.com/spreadsheets/d/e/2PACX-1vRulQjxoMibSum9uDu2_xqco3BgiKCzW7yR4k45WatjK_hfSFg_fZm9tXkwn26_RxoNiu5UiepTPEu3/pubhtml?gid=175262195&amp;single=true&amp;widget=true&amp;headers=false""></iframe>",https://docs.google.com/spreadsheets/d/e/2PACX-1vRulQjxoMibSum9uDu2_xqco3BgiKCzW7yR4k45WatjK_hfSFg_fZm9tXkwn26_RxoNiu5UiepTPEu3/pubhtml,TRUE,"<div id=""C1"" class=""current-standings filterDiv divC""><iframe src=""https://docs.google.com/spreadsheets/d/e/2PACX-1vRulQjxoMibSum9uDu2_xqco3BgiKCzW7yR4k45WatjK_hfSFg_fZm9tXkwn26_RxoNiu5UiepTPEu3/pubhtml?gid=175262195&amp;single=true&amp;widget=true&amp;headers=false""></iframe></div>"
C2,https://docs.google.com/forms/d/e/1FAIpQLSdFTI_mV7N4cnAgrM7WZLOc1kDRW2mI6aoyiBjuqvBr7ay35w/viewform,https://docs.google.com/spreadsheets/d/1nzEWzxI-dQ2g4cXwo1T2yP5DihEb96GRnpZgsQW3D8Q,6,s77/c2,TRUE,TRUE,"<iframe src=""https://docs.google.com/spreadsheets/d/e/2PACX-1vTTNKiS1ti-ivi2tkkp4YU8oHFnhQoo5DOL0uHZa1Fdw4xAuQ2jxTY_pQ3uRNnuBOacF10lMTlYYrcB/pubhtml?gid=306473196&amp;single=true&amp;widget=true&amp;headers=false""></iframe>",https://docs.google.com/spreadsheets/d/e/2PACX-1vTTNKiS1ti-ivi2tkkp4YU8oHFnhQoo5DOL0uHZa1Fdw4xAuQ2jxTY_pQ3uRNnuBOacF10lMTlYYrcB/pubhtml,TRUE,"<div id=""C2"" class=""current-standings filterDiv divC""><iframe src=""https://docs.google.com/spreadsheets/d/e/2PACX-1vTTNKiS1ti-ivi2tkkp4YU8oHFnhQoo5DOL0uHZa1Fdw4xAuQ2jxTY_pQ3uRNnuBOacF10lMTlYYrcB/pubhtml?gid=306473196&amp;single=true&amp;widget=true&amp;headers=false""></iframe></div>"
C3,https://docs.google.com/forms/d/e/1FAIpQLScH0UI51UnKUVKlhTH3EJFEXPbnGO2XGB5-cg9v2Py4V9q6ug/viewform,https://docs.google.com/spreadsheets/d/1-ber-FJQSRUjolwIUzR8_VGvBX0bGQWkz_QI9mXwht4,6,s77/c3,TRUE,TRUE,"<iframe src=""https://docs.google.com/spreadsheets/d/e/2PACX-1vQcN6lubb-Pe16EI-yH0wALdo0Q5dsFotvmpeyP9psfGW-suQozZDOejROLWLQmA2vO3583G-990X0c/pubhtml?gid=989621731&amp;single=true&amp;widget=true&amp;headers=false""></iframe>",https://docs.google.com/spreadsheets/d/e/2PACX-1vQcN6lubb-Pe16EI-yH0wALdo0Q5dsFotvmpeyP9psfGW-suQozZDOejROLWLQmA2vO3583G-990X0c/pubhtml,TRUE,"<div id=""C3"" class=""current-standings filterDiv divC""><iframe src=""https://docs.google.com/spreadsheets/d/e/2PACX-1vQcN6lubb-Pe16EI-yH0wALdo0Q5dsFotvmpeyP9psfGW-suQozZDOejROLWLQmA2vO3583G-990X0c/pubhtml?gid=989621731&amp;single=true&amp;widget=true&amp;headers=false""></iframe></div>"
C4,https://docs.google.com/forms/d/e/1FAIpQLSdK4Ro71JcqBRiZrJMZvZcCYdsJehdOqi7jAxCYmWobOiPxdw/viewform,https://docs.google.com/spreadsheets/d/1hQkvx2DyI-M_PfgNZes0QOq_C6y7wruY0gDsPsdQApg,6,s77/c4,TRUE,TRUE,"<iframe src=""https://docs.google.com/spreadsheets/d/e/2PACX-1vR-6YrrhpRC7l3Uo2wXkfyykr0BrGub7neJ8q8EXhIHMVm4miK1HTZT3ZDtzruRcWsjxFchGfFGlN2I/pubhtml?gid=2021732037&amp;single=true&amp;widget=true&amp;headers=false""></iframe>",https://docs.google.com/spreadsheets/d/e/2PACX-1vR-6YrrhpRC7l3Uo2wXkfyykr0BrGub7neJ8q8EXhIHMVm4miK1HTZT3ZDtzruRcWsjxFchGfFGlN2I/pubhtml,TRUE,"<div id=""C4"" class=""current-standings filterDiv divC""><iframe src=""https://docs.google.com/spreadsheets/d/e/2PACX-1vR-6YrrhpRC7l3Uo2wXkfyykr0BrGub7neJ8q8EXhIHMVm4miK1HTZT3ZDtzruRcWsjxFchGfFGlN2I/pubhtml?gid=2021732037&amp;single=true&amp;widget=true&amp;headers=false""></iframe></div>"
D1,https://docs.google.com/forms/d/e/1FAIpQLSemFICF5CtFiLusHZOlyVYgHWr7s8c4UWTm0vFj_1kwK24oLA/viewform,https://docs.google.com/spreadsheets/d/11EWPI6E_g_TVTIFqGcDkK7Q6DaiBXWFTaNHT7JmmzdI,6,s77/d1,TRUE,TRUE,"<iframe src=""https://docs.google.com/spreadsheets/d/e/2PACX-1vRyaUEHEZrgvic6lzoPYNc3IhejF5xx06WL2T4bl-9yaB5xIqKsp8DpZtLRdROKXUTQ_nckdah9BD8O/pubhtml?gid=196563780&amp;single=true&amp;widget=true&amp;headers=false""></iframe>",https://docs.google.com/spreadsheets/d/e/2PACX-1vRyaUEHEZrgvic6lzoPYNc3IhejF5xx06WL2T4bl-9yaB5xIqKsp8DpZtLRdROKXUTQ_nckdah9BD8O/pubhtml,TRUE,"<div id=""D1"" class=""current-standings filterDiv divD""><iframe src=""https://docs.google.com/spreadsheets/d/e/2PACX-1vRyaUEHEZrgvic6lzoPYNc3IhejF5xx06WL2T4bl-9yaB5xIqKsp8DpZtLRdROKXUTQ_nckdah9BD8O/pubhtml?gid=196563780&amp;single=true&amp;widget=true&amp;headers=false""></iframe></div>"
D2,https://docs.google.com/forms/d/e/1FAIpQLSejCfGumBuunjzp2_SsUALSf0j2f-iLZll3CukkEQyBWz1iDg/viewform,https://docs.google.com/spreadsheets/d/1jqYYhi7hdfLLElVHWUW9VK-1efc3TDq5YVqhysVQhAQ,6,s77/d2,TRUE,TRUE,"<iframe src=""https://docs.google.com/spreadsheets/d/e/2PACX-1vTQpKtToLmaiyfOK6SqDtA2MriG2tRMePo1nZi_8dRRZyDI3MHY0ff7ExzPOYkl0aA3rDQIIzF1-DOp/pubhtml?gid=972655539&amp;single=true&amp;widget=true&amp;headers=false""></iframe>",https://docs.google.com/spreadsheets/d/e/2PACX-1vTQpKtToLmaiyfOK6SqDtA2MriG2tRMePo1nZi_8dRRZyDI3MHY0ff7ExzPOYkl0aA3rDQIIzF1-DOp/pubhtml,TRUE,"<div id=""D2"" class=""current-standings filterDiv divD""><iframe src=""https://docs.google.com/spreadsheets/d/e/2PACX-1vTQpKtToLmaiyfOK6SqDtA2MriG2tRMePo1nZi_8dRRZyDI3MHY0ff7ExzPOYkl0aA3rDQIIzF1-DOp/pubhtml?gid=972655539&amp;single=true&amp;widget=true&amp;headers=false""></iframe></div>"
D3,https://docs.google.com/forms/d/e/1FAIpQLSfegPYwGGkyXX8Sw3yvrlBllRu-HDdLgPuGqa2yTSeAdYVXrg/viewform,https://docs.google.com/spreadsheets/d/1MO9u0wMontJHm1Sst9DwxU2IesTYvkrJPiM6Twl9yu4,6,s77/d3,TRUE,TRUE,"<iframe src=""https://docs.google.com/spreadsheets/d/e/2PACX-1vSM7zTugP2GggtCzv3Lva6JQlLQXAc4G7W2RAH6b6mNbjHINgQyDAA1esmLH2BMbwSPFvum6Bvb9SmJ/pubhtml?gid=1210532033&amp;single=true&amp;widget=true&amp;headers=false""></iframe>",https://docs.google.com/spreadsheets/d/e/2PACX-1vSM7zTugP2GggtCzv3Lva6JQlLQXAc4G7W2RAH6b6mNbjHINgQyDAA1esmLH2BMbwSPFvum6Bvb9SmJ/pubhtml,TRUE,"<div id=""D3"" class=""current-standings filterDiv divD""><iframe src=""https://docs.google.com/spreadsheets/d/e/2PACX-1vSM7zTugP2GggtCzv3Lva6JQlLQXAc4G7W2RAH6b6mNbjHINgQyDAA1esmLH2BMbwSPFvum6Bvb9SmJ/pubhtml?gid=1210532033&amp;single=true&amp;widget=true&amp;headers=false""></iframe></div>"
D4,https://docs.google.com/forms/d/e/1FAIpQLScHSR2AJOHjxZEAQeiEQpY0vEbHRUJueLFGXsATMYXLPiaVRw/viewform,https://docs.google.com/spreadsheets/d/13j7-O_1qBwHFA5Z3j3bDSQly2qaxWh2EZYI_oQ98qvo,6,s77/d4,TRUE,TRUE,"<iframe src=""https://docs.google.com/spreadsheets/d/e/2PACX-1vRQzPpkgY97S5msk3low8MrwbmcE9E4BBWmn-Z7cNMpiYpc_uvq6hGIHqGFbeEkO9DvCK-vhCT2x9j7/pubhtml?gid=1090578032&amp;single=true&amp;widget=true&amp;headers=false""></iframe>",https://docs.google.com/spreadsheets/d/e/2PACX-1vRQzPpkgY97S5msk3low8MrwbmcE9E4BBWmn-Z7cNMpiYpc_uvq6hGIHqGFbeEkO9DvCK-vhCT2x9j7/pubhtml,TRUE,"<div id=""D4"" class=""current-standings filterDiv divD""><iframe src=""https://docs.google.com/spreadsheets/d/e/2PACX-1vRQzPpkgY97S5msk3low8MrwbmcE9E4BBWmn-Z7cNMpiYpc_uvq6hGIHqGFbeEkO9DvCK-vhCT2x9j7/pubhtml?gid=1090578032&amp;single=true&amp;widget=true&amp;headers=false""></iframe></div>"
D5,https://docs.google.com/forms/d/e/1FAIpQLSfkGblFPR-b-RiAGUHuFcRU9PeRjyKm5Fmvoz0bmGNpwmVgng/viewform,https://docs.google.com/spreadsheets/d/1KNUCghEx0BhXcjN3XmYdK-E8AZoIc7c4mCGMQ5yNP_s,6,s77/d5,TRUE,TRUE,"<iframe src=""https://docs.google.com/spreadsheets/d/e/2PACX-1vRNjzISlpl6MDD5imCkBV1bfuIAOmdtaA7189VKAfIywrX6X-KRooXXj14h6KUr5-0AW-GlfCrBVCWG/pubhtml?gid=1030274271&amp;single=true&amp;widget=true&amp;headers=false""></iframe>",https://docs.google.com/spreadsheets/d/e/2PACX-1vRNjzISlpl6MDD5imCkBV1bfuIAOmdtaA7189VKAfIywrX6X-KRooXXj14h6KUr5-0AW-GlfCrBVCWG/pubhtml,TRUE,"<div id=""D5"" class=""current-standings filterDiv divD""><iframe src=""https://docs.google.com/spreadsheets/d/e/2PACX-1vRNjzISlpl6MDD5imCkBV1bfuIAOmdtaA7189VKAfIywrX6X-KRooXXj14h6KUr5-0AW-GlfCrBVCWG/pubhtml?gid=1030274271&amp;single=true&amp;widget=true&amp;headers=false""></iframe></div>"
D6,https://docs.google.com/forms/d/e/1FAIpQLScIFSsgWdGNByPEIz9Mld6Bu94UDj0dmclaD549blBV2gFtiw/viewform,https://docs.google.com/spreadsheets/d/1y_HlyuwTtDP1omyylBKLDUA9ASRwVuXYQeSvWefjmQg,6,s77/d6,TRUE,TRUE,"<iframe src=""https://docs.google.com/spreadsheets/d/e/2PACX-1vR4eeJADGTcIK8F6Ftrz76QKB5U023TXgjdJSXKr6kLSaxGMLMfnllXREeUnU7gtPD9ulEcN3NEdS7A/pubhtml?gid=1056949914&amp;single=true&amp;widget=true&amp;headers=false""></iframe>",https://docs.google.com/spreadsheets/d/e/2PACX-1vR4eeJADGTcIK8F6Ftrz76QKB5U023TXgjdJSXKr6kLSaxGMLMfnllXREeUnU7gtPD9ulEcN3NEdS7A/pubhtml,TRUE,"<div id=""D6"" class=""current-standings filterDiv divD""><iframe src=""https://docs.google.com/spreadsheets/d/e/2PACX-1vR4eeJADGTcIK8F6Ftrz76QKB5U023TXgjdJSXKr6kLSaxGMLMfnllXREeUnU7gtPD9ulEcN3NEdS7A/pubhtml?gid=1056949914&amp;single=true&amp;widget=true&amp;headers=false""></iframe></div>"
D7,https://docs.google.com/forms/d/e/1FAIpQLScnovg5DkIHaiQHL7dQphi9NwDmjs4Lkp4AOG04U9TJYjeB6g/viewform,https://docs.google.com/spreadsheets/d/1VSHNxiklEOqIp5VXiZ9EhC0wTj4qYnwop_u-fmRkUVI,6,s77/d7,TRUE,TRUE,"<iframe src=""https://docs.google.com/spreadsheets/d/e/2PACX-1vRPkmXf587o9bvFBEO3Gpm-uOb7wxGdvjV-FyiXDbfVHJOqzcq-Lce93jsl82cAv63FMh36XsNpid_0/pubhtml?gid=300302434&amp;single=true&amp;widget=true&amp;headers=false""></iframe>",https://docs.google.com/spreadsheets/d/e/2PACX-1vRPkmXf587o9bvFBEO3Gpm-uOb7wxGdvjV-FyiXDbfVHJOqzcq-Lce93jsl82cAv63FMh36XsNpid_0/pubhtml,TRUE,"<div id=""D7"" class=""current-standings filterDiv divD""><iframe src=""https://docs.google.com/spreadsheets/d/e/2PACX-1vRPkmXf587o9bvFBEO3Gpm-uOb7wxGdvjV-FyiXDbfVHJOqzcq-Lce93jsl82cAv63FMh36XsNpid_0/pubhtml?gid=300302434&amp;single=true&amp;widget=true&amp;headers=false""></iframe></div>"
D8,https://docs.google.com/forms/d/e/1FAIpQLSdxnRxcNk5ccGPqFjLjWdE1ILuPvQbhDlzHNe-QFy3hEwIRqg/viewform,https://docs.google.com/spreadsheets/d/15Nu8reE9APIpbPEpg6LiB5pjREOBg-G9Oa_wSDsfLGs,6,s77/d8,TRUE,TRUE,"<iframe src=""https://docs.google.com/spreadsheets/d/e/2PACX-1vTkcgmRV_XIVcIHCGwQfcwjXNlIbwQuJSvIRpsnWCcS_dJNPynHQn-owCETqI_XeXzsUvVbf6V2Fngl/pubhtml?gid=12933422&amp;single=true&amp;widget=true&amp;headers=false""></iframe>",https://docs.google.com/spreadsheets/d/e/2PACX-1vTkcgmRV_XIVcIHCGwQfcwjXNlIbwQuJSvIRpsnWCcS_dJNPynHQn-owCETqI_XeXzsUvVbf6V2Fngl/pubhtml,TRUE,"<div id=""D8"" class=""current-standings filterDiv divD""><iframe src=""https://docs.google.com/spreadsheets/d/e/2PACX-1vTkcgmRV_XIVcIHCGwQfcwjXNlIbwQuJSvIRpsnWCcS_dJNPynHQn-owCETqI_XeXzsUvVbf6V2Fngl/pubhtml?gid=12933422&amp;single=true&amp;widget=true&amp;headers=false""></iframe></div>"
E1,https://docs.google.com/forms/d/e/1FAIpQLSdwdhwRlaVukiSh3H9Zpmbsz4fGFMygd0kPDnRk_sf7vTT8lA/viewform,https://docs.google.com/spreadsheets/d/1drGT5RMhiu1ml-rHlC8cC9Td-PUUlAbyZ5KBAVSbh1M,6,s77/e1,TRUE,TRUE,"<iframe src=""https://docs.google.com/spreadsheets/d/e/2PACX-1vSAx6fNCPKO3KCiNNlg71BMBW-wrQZXbhDigJ0K6HPWpOb_cIGz4fnWtFqx3HSaVhfzZBgwEf6r0kiF/pubhtml?gid=1473002915&amp;single=true&amp;widget=true&amp;headers=false""></iframe>",https://docs.google.com/spreadsheets/d/e/2PACX-1vSAx6fNCPKO3KCiNNlg71BMBW-wrQZXbhDigJ0K6HPWpOb_cIGz4fnWtFqx3HSaVhfzZBgwEf6r0kiF/pubhtml,TRUE,"<div id=""E1"" class=""current-standings filterDiv divE""><iframe src=""https://docs.google.com/spreadsheets/d/e/2PACX-1vSAx6fNCPKO3KCiNNlg71BMBW-wrQZXbhDigJ0K6HPWpOb_cIGz4fnWtFqx3HSaVhfzZBgwEf6r0kiF/pubhtml?gid=1473002915&amp;single=true&amp;widget=true&amp;headers=false""></iframe></div>"
E2,https://docs.google.com/forms/d/e/1FAIpQLScUtWZayu_BFH4i_YsZZzY3OhsVO87UUZICNRnAKS95ewgbNw/viewform,https://docs.google.com/spreadsheets/d/1sp0SdPzG6z9XaHRVETihzHpSZ-iZcjdhi0uSe4EWt3w,6,s77/e2,TRUE,TRUE,"<iframe src=""https://docs.google.com/spreadsheets/d/e/2PACX-1vQCpHSFXQDReQHMpiKrN48PPjCkyuGvp8IVp3gpSEuM-8Z7SzV9YFwvLTYjgkRGLr-C2CCpE-J_wckO/pubhtml?gid=1829563694&amp;single=true&amp;widget=true&amp;headers=false""></iframe>",https://docs.google.com/spreadsheets/d/e/2PACX-1vQCpHSFXQDReQHMpiKrN48PPjCkyuGvp8IVp3gpSEuM-8Z7SzV9YFwvLTYjgkRGLr-C2CCpE-J_wckO/pubhtml,TRUE,"<div id=""E2"" class=""current-standings filterDiv divE""><iframe src=""https://docs.google.com/spreadsheets/d/e/2PACX-1vQCpHSFXQDReQHMpiKrN48PPjCkyuGvp8IVp3gpSEuM-8Z7SzV9YFwvLTYjgkRGLr-C2CCpE-J_wckO/pubhtml?gid=1829563694&amp;single=true&amp;widget=true&amp;headers=false""></iframe></div>"
E3,https://docs.google.com/forms/d/e/1FAIpQLSe66RBlC4rNyVwMYHTWeZ-FOuYmE1sNYiDL5BGTrl5qT-jVXA/viewform,https://docs.google.com/spreadsheets/d/1w6ZB8UDewzOKDfRTZbwStTts43L3IZ2pM9DTRfyM_hw,6,s77/e3,TRUE,TRUE,"<iframe src=""https://docs.google.com/spreadsheets/d/e/2PACX-1vSgQgeoqJnbGOzHrBtl2wduf0qwjKC7OxltKqLidk1oKRvtXDol4Vy1zw_e1cvf3hW396czE2ahgNFw/pubhtml?gid=415286433&amp;single=true&amp;widget=true&amp;headers=false""></iframe>",https://docs.google.com/spreadsheets/d/e/2PACX-1vSgQgeoqJnbGOzHrBtl2wduf0qwjKC7OxltKqLidk1oKRvtXDol4Vy1zw_e1cvf3hW396czE2ahgNFw/pubhtml,TRUE,"<div id=""E3"" class=""current-standings filterDiv divE""><iframe src=""https://docs.google.com/spreadsheets/d/e/2PACX-1vSgQgeoqJnbGOzHrBtl2wduf0qwjKC7OxltKqLidk1oKRvtXDol4Vy1zw_e1cvf3hW396czE2ahgNFw/pubhtml?gid=415286433&amp;single=true&amp;widget=true&amp;headers=false""></iframe></div>"
E4,https://docs.google.com/forms/d/e/1FAIpQLSfLes8qEs-mmpXy9B4oZ14ViRb4L3zEXK9y464W6bqKOsG70g/viewform,https://docs.google.com/spreadsheets/d/1evXYF68ZXWPsmJK8I0oYnC1gLEnaPGXrSJWj2jbAT5Y,6,s77/e4,TRUE,TRUE,"<iframe src=""https://docs.google.com/spreadsheets/d/e/2PACX-1vQ2F1iFL3BWUsktZogLdpaVgrIWRCrqJGQYQNm17wkd3S5tpzvggtzvzxKMMIyYgFGmzAvAVTwRMR4P/pubhtml?gid=1187704554&amp;single=true&amp;widget=true&amp;headers=false""></iframe>",https://docs.google.com/spreadsheets/d/e/2PACX-1vQ2F1iFL3BWUsktZogLdpaVgrIWRCrqJGQYQNm17wkd3S5tpzvggtzvzxKMMIyYgFGmzAvAVTwRMR4P/pubhtml,TRUE,"<div id=""E4"" class=""current-standings filterDiv divE""><iframe src=""https://docs.google.com/spreadsheets/d/e/2PACX-1vQ2F1iFL3BWUsktZogLdpaVgrIWRCrqJGQYQNm17wkd3S5tpzvggtzvzxKMMIyYgFGmzAvAVTwRMR4P/pubhtml?gid=1187704554&amp;single=true&amp;widget=true&amp;headers=false""></iframe></div>"
E5,https://docs.google.com/forms/d/e/1FAIpQLSeSEdoEO3B21zt2bAwQnfmZdDFM4Ri2ligTxNYD-UBU1sCMFA/viewform,https://docs.google.com/spreadsheets/d/1P3a7rgj9NwEGfesBsfVpu88EYRenKSV-1GpPOhE2Y1w,6,s77/e5,TRUE,TRUE,"<iframe src=""https://docs.google.com/spreadsheets/d/e/2PACX-1vTzPLlnPwdLa7jYnJfAq1cvN36kcf8Lq7NbIIZbYwMvklqxRQRFjU5h4DPQgMl32j4hB_ZeiVJirGFc/pubhtml?gid=1998909276&amp;single=true&amp;widget=true&amp;headers=false""></iframe>",https://docs.google.com/spreadsheets/d/e/2PACX-1vTzPLlnPwdLa7jYnJfAq1cvN36kcf8Lq7NbIIZbYwMvklqxRQRFjU5h4DPQgMl32j4hB_ZeiVJirGFc/pubhtml,TRUE,"<div id=""E5"" class=""current-standings filterDiv divE""><iframe src=""https://docs.google.com/spreadsheets/d/e/2PACX-1vTzPLlnPwdLa7jYnJfAq1cvN36kcf8Lq7NbIIZbYwMvklqxRQRFjU5h4DPQgMl32j4hB_ZeiVJirGFc/pubhtml?gid=1998909276&amp;single=true&amp;widget=true&amp;headers=false""></iframe></div>"
E6,https://docs.google.com/forms/d/e/1FAIpQLScP7mqfUwyJr1RuEgxvhii8Z31s7X5U9mHUzR70uoDHkrtJOA/viewform,https://docs.google.com/spreadsheets/d/1D96nU6YazBSTOa2wJ13t12uIYGScUn9QDZEEPlj6vgI,6,s77/e6,TRUE,TRUE,"<iframe src=""https://docs.google.com/spreadsheets/d/e/2PACX-1vQ5JDmtjU22ThDflphrt6FmqOHBEoNIsa6jjgVQASPkzpXUJldWmPTESLajT2vMrUACXlnwthgBJBTo/pubhtml?gid=1856029310&amp;single=true&amp;widget=true&amp;headers=false""></iframe>",https://docs.google.com/spreadsheets/d/e/2PACX-1vQ5JDmtjU22ThDflphrt6FmqOHBEoNIsa6jjgVQASPkzpXUJldWmPTESLajT2vMrUACXlnwthgBJBTo/pubhtml,TRUE,"<div id=""E6"" class=""current-standings filterDiv divE""><iframe src=""https://docs.google.com/spreadsheets/d/e/2PACX-1vQ5JDmtjU22ThDflphrt6FmqOHBEoNIsa6jjgVQASPkzpXUJldWmPTESLajT2vMrUACXlnwthgBJBTo/pubhtml?gid=1856029310&amp;single=true&amp;widget=true&amp;headers=false""></iframe></div>"
E7,https://docs.google.com/forms/d/e/1FAIpQLSc8KtIoywnvnfEUajQXEGJs1b7u_k4M-uiIgoguO9KMNb7Eqw/viewform,https://docs.google.com/spreadsheets/d/1m8aFCAEfHPPys-y3TDyb9a0K3hgFbOgMXjo0iL9d_Hg,6,s77/e7,TRUE,TRUE,"<iframe src=""https://docs.google.com/spreadsheets/d/e/2PACX-1vRvplvcsjRebXwLttkweCcxeQ_hH7G6swZz-gWvJvY9OHQMF1YoK_A8uUfNuKpyCIa_Ja-Sis-2bFit/pubhtml?gid=1541441632&amp;single=true&amp;widget=true&amp;headers=false""></iframe>",https://docs.google.com/spreadsheets/d/e/2PACX-1vRvplvcsjRebXwLttkweCcxeQ_hH7G6swZz-gWvJvY9OHQMF1YoK_A8uUfNuKpyCIa_Ja-Sis-2bFit/pubhtml,TRUE,"<div id=""E7"" class=""current-standings filterDiv divE""><iframe src=""https://docs.google.com/spreadsheets/d/e/2PACX-1vRvplvcsjRebXwLttkweCcxeQ_hH7G6swZz-gWvJvY9OHQMF1YoK_A8uUfNuKpyCIa_Ja-Sis-2bFit/pubhtml?gid=1541441632&amp;single=true&amp;widget=true&amp;headers=false""></iframe></div>"
F1,https://docs.google.com/forms/d/e/1FAIpQLSeprwXG01c6bMfYRCGFp8rVZqcDqii4R4BZOE2gfHGi9k6gVg/viewform,https://docs.google.com/spreadsheets/d/1teZEAbMlV7s19YYvR8P0dFc_NtJXLuO4FaBDHX_mstM,6,s77/f1,TRUE,TRUE,"<iframe src=""https://docs.google.com/spreadsheets/d/e/2PACX-1vQIqOIcdceIluqS6SA-f2NhKaZTKs_HRALa5rb3NrIw9oKX0fqnl_6mNMNRrShVQ7ufNbELvyXsJOkW/pubhtml?gid=200782975&amp;single=true&amp;widget=true&amp;headers=false""></iframe>",https://docs.google.com/spreadsheets/d/e/2PACX-1vQIqOIcdceIluqS6SA-f2NhKaZTKs_HRALa5rb3NrIw9oKX0fqnl_6mNMNRrShVQ7ufNbELvyXsJOkW/pubhtml,TRUE,"<div id=""F1"" class=""current-standings filterDiv divF""><iframe src=""https://docs.google.com/spreadsheets/d/e/2PACX-1vQIqOIcdceIluqS6SA-f2NhKaZTKs_HRALa5rb3NrIw9oKX0fqnl_6mNMNRrShVQ7ufNbELvyXsJOkW/pubhtml?gid=200782975&amp;single=true&amp;widget=true&amp;headers=false""></iframe></div>"
F2,https://docs.google.com/forms/d/e/1FAIpQLSc5lMnYHspYcpgFoPZeU5Wlr9DfHSFzNUajgCPKUN_Y_Fkphg/viewform,https://docs.google.com/spreadsheets/d/1lMeu7xWeQsyDgPRiBzCCuDx4_B35fHVGLyD12TZGFcE,6,s77/f2,TRUE,TRUE,"<iframe src=""https://docs.google.com/spreadsheets/d/e/2PACX-1vRHXLhW5tubHyzpUH27No5pgyfNzsGKRPkoDM0q33IptQhZV34i9PRrZQFAP-o8b80Ti5auTMG1jf3w/pubhtml?gid=1604927812&amp;single=true&amp;widget=true&amp;headers=false""></iframe>",https://docs.google.com/spreadsheets/d/e/2PACX-1vRHXLhW5tubHyzpUH27No5pgyfNzsGKRPkoDM0q33IptQhZV34i9PRrZQFAP-o8b80Ti5auTMG1jf3w/pubhtml,TRUE,"<div id=""F2"" class=""current-standings filterDiv divF""><iframe src=""https://docs.google.com/spreadsheets/d/e/2PACX-1vRHXLhW5tubHyzpUH27No5pgyfNzsGKRPkoDM0q33IptQhZV34i9PRrZQFAP-o8b80Ti5auTMG1jf3w/pubhtml?gid=1604927812&amp;single=true&amp;widget=true&amp;headers=false""></iframe></div>"
F3,https://docs.google.com/forms/d/e/1FAIpQLSchHXQG0He1P1SufMAgMnyUtDupPxMOBA1Dhcas9i-2qjHatA/viewform,https://docs.google.com/spreadsheets/d/1lUSO5DNN0bVcAqkoouZCTpEZLxbPd2fUiP8FzePbryU,6,s77/f3,TRUE,TRUE,"<iframe src=""https://docs.google.com/spreadsheets/d/e/2PACX-1vTArXZxLNGupbU_Mcivqg3X_Phw6ce32-LlmXHj2g86d_g61HiAQLhdKf-1zzv9FgdcMXb609sdQRHm/pubhtml?gid=521731724&amp;single=true&amp;widget=true&amp;headers=false""></iframe>",https://docs.google.com/spreadsheets/d/e/2PACX-1vTArXZxLNGupbU_Mcivqg3X_Phw6ce32-LlmXHj2g86d_g61HiAQLhdKf-1zzv9FgdcMXb609sdQRHm/pubhtml,TRUE,"<div id=""F3"" class=""current-standings filterDiv divF""><iframe src=""https://docs.google.com/spreadsheets/d/e/2PACX-1vTArXZxLNGupbU_Mcivqg3X_Phw6ce32-LlmXHj2g86d_g61HiAQLhdKf-1zzv9FgdcMXb609sdQRHm/pubhtml?gid=521731724&amp;single=true&amp;widget=true&amp;headers=false""></iframe></div>"
F4,https://docs.google.com/forms/d/e/1FAIpQLSeRyteYhQaSsm8xfPZ5A0RbItSrvkWFwlS2nwICnvKRcnpsjQ/viewform,https://docs.google.com/spreadsheets/d/1jqk5p7_J__AJDZ3az3UGe0ezttxRa0JetVFejqELiOY,6,s77/f4,TRUE,TRUE,"<iframe src=""https://docs.google.com/spreadsheets/d/e/2PACX-1vSukPtFc25vhkkqEMunDqeUrBp9HvZz3RvQLpfR4IF4xRo0J2bjhuXSqkE-G9L76hfb4lPGoxsfD7h5/pubhtml?gid=40947919&amp;single=true&amp;widget=true&amp;headers=false""></iframe>",https://docs.google.com/spreadsheets/d/e/2PACX-1vSukPtFc25vhkkqEMunDqeUrBp9HvZz3RvQLpfR4IF4xRo0J2bjhuXSqkE-G9L76hfb4lPGoxsfD7h5/pubhtml,TRUE,"<div id=""F4"" class=""current-standings filterDiv divF""><iframe src=""https://docs.google.com/spreadsheets/d/e/2PACX-1vSukPtFc25vhkkqEMunDqeUrBp9HvZz3RvQLpfR4IF4xRo0J2bjhuXSqkE-G9L76hfb4lPGoxsfD7h5/pubhtml?gid=40947919&amp;single=true&amp;widget=true&amp;headers=false""></iframe></div>"
F5,https://docs.google.com/forms/d/e/1FAIpQLSfv9O5pg4cBTDWr23dDdeIEV8NsREko5z7K2vl9Y4SsOaj9bA/viewform,https://docs.google.com/spreadsheets/d/1ykBd38qd47MMHVBFXiXrfpQwWFBZdOC9sNPXiKO7PfY,6,s77/f5,TRUE,TRUE,"<iframe src=""https://docs.google.com/spreadsheets/d/e/2PACX-1vQkYA81VCTq1iLyu6JzgMB5AqYt12Y1rOg8XDYyPIulYIn497Ekq5u2VnoIBuUxd5hZoVHcOX23DRUl/pubhtml?gid=1311358567&amp;single=true&amp;widget=true&amp;headers=false""></iframe>",https://docs.google.com/spreadsheets/d/e/2PACX-1vQkYA81VCTq1iLyu6JzgMB5AqYt12Y1rOg8XDYyPIulYIn497Ekq5u2VnoIBuUxd5hZoVHcOX23DRUl/pubhtml,TRUE,"<div id=""F5"" class=""current-standings filterDiv divF""><iframe src=""https://docs.google.com/spreadsheets/d/e/2PACX-1vQkYA81VCTq1iLyu6JzgMB5AqYt12Y1rOg8XDYyPIulYIn497Ekq5u2VnoIBuUxd5hZoVHcOX23DRUl/pubhtml?gid=1311358567&amp;single=true&amp;widget=true&amp;headers=false""></iframe></div>"
F6,https://docs.google.com/forms/d/e/1FAIpQLSeX9nTshVXaUmdS9pwmtlSVEkZMhZG29OsNNZF0lMnC_5lotQ/viewform,https://docs.google.com/spreadsheets/d/1gT4GkRvVP1iUL0yvs2pnNbcHEB2WqH0O84jITNK_oac,6,s77/f6,TRUE,TRUE,"<iframe src=""https://docs.google.com/spreadsheets/d/e/2PACX-1vT7BgYR_2GpJ9AP-VdzpLexKXfPRkdhhRIMix81TQI1bi70MLLvHdUhLGd-n2ap-pQ3Ipn31vpLEC_z/pubhtml?gid=67936610&amp;single=true&amp;widget=true&amp;headers=false""></iframe>",https://docs.google.com/spreadsheets/d/e/2PACX-1vT7BgYR_2GpJ9AP-VdzpLexKXfPRkdhhRIMix81TQI1bi70MLLvHdUhLGd-n2ap-pQ3Ipn31vpLEC_z/pubhtml,TRUE,"<div id=""F6"" class=""current-standings filterDiv divF""><iframe src=""https://docs.google.com/spreadsheets/d/e/2PACX-1vT7BgYR_2GpJ9AP-VdzpLexKXfPRkdhhRIMix81TQI1bi70MLLvHdUhLGd-n2ap-pQ3Ipn31vpLEC_z/pubhtml?gid=67936610&amp;single=true&amp;widget=true&amp;headers=false""></iframe></div>"
F7,https://docs.google.com/forms/d/e/1FAIpQLSfUm-QsK54gk3D9wVsEzSDmAApPjzBUn-pctECzrALREpHtTg/viewform,https://docs.google.com/spreadsheets/d/18xt6p2nTEoEhw-4L0xWg6vm-7A1XcbLJzkLR9gfwCK4,6,s77/f7,TRUE,TRUE,"<iframe src=""https://docs.google.com/spreadsheets/d/e/2PACX-1vTTwkyzm8OfOxvu-E-Oe2ia1AyDvjYqVXMr3S4Ew6RdvoJjaaoGia2Jm9HM1m3HbUM2qvMHwJMd4GjO/pubhtml?gid=477116865&amp;single=true&amp;widget=true&amp;headers=false""></iframe>",https://docs.google.com/spreadsheets/d/e/2PACX-1vTTwkyzm8OfOxvu-E-Oe2ia1AyDvjYqVXMr3S4Ew6RdvoJjaaoGia2Jm9HM1m3HbUM2qvMHwJMd4GjO/pubhtml,TRUE,"<div id=""F7"" class=""current-standings filterDiv divF""><iframe src=""https://docs.google.com/spreadsheets/d/e/2PACX-1vTTwkyzm8OfOxvu-E-Oe2ia1AyDvjYqVXMr3S4Ew6RdvoJjaaoGia2Jm9HM1m3HbUM2qvMHwJMd4GjO/pubhtml?gid=477116865&amp;single=true&amp;widget=true&amp;headers=false""></iframe></div>"
F8,https://docs.google.com/forms/d/e/1FAIpQLSclUY7nYkRd87hSb_A0NDyygnUhph3av9HottN3OHblrX5xTQ/viewform,https://docs.google.com/spreadsheets/d/1CVqv1XAs3gG_fhkzguqizFT0-tpVKAuIqWDved8NB2w,6,s77/f8,TRUE,TRUE,"<iframe src=""https://docs.google.com/spreadsheets/d/e/2PACX-1vQESBojSqO3ChwQQJTuoW-cdFIbTP7eWQGyCWRFkB3t4KlE_bR4RIi864BlxHIf-XC4WaReWlwpUOOQ/pubhtml?gid=1343405614&amp;single=true&amp;widget=true&amp;headers=false""></iframe>",https://docs.google.com/spreadsheets/d/e/2PACX-1vQESBojSqO3ChwQQJTuoW-cdFIbTP7eWQGyCWRFkB3t4KlE_bR4RIi864BlxHIf-XC4WaReWlwpUOOQ/pubhtml,TRUE,"<div id=""F8"" class=""current-standings filterDiv divF""><iframe src=""https://docs.google.com/spreadsheets/d/e/2PACX-1vQESBojSqO3ChwQQJTuoW-cdFIbTP7eWQGyCWRFkB3t4KlE_bR4RIi864BlxHIf-XC4WaReWlwpUOOQ/pubhtml?gid=1343405614&amp;single=true&amp;widget=true&amp;headers=false""></iframe></div>"
G1,https://docs.google.com/forms/d/e/1FAIpQLSc0ffKhWoZK0C97YdRQVYKFRRUAOok5oNasXOPiyUh8xJLFtw/viewform,https://docs.google.com/spreadsheets/d/1T94Bsz1ZrzD2VcSWmkO2NE0g-bbExPTqHMoWNSPuh08,6,s77/g1,TRUE,TRUE,"<iframe src=""https://docs.google.com/spreadsheets/d/e/2PACX-1vSPCwvyglRSASR04NVUYEoCvoHaIqH04b3PnqOoBXZNqOOI4jsYHME4uSBZYLysuNgyEdkGnncA7_NI/pubhtml?gid=116573408&amp;single=true&amp;widget=true&amp;headers=false""></iframe>",https://docs.google.com/spreadsheets/d/e/2PACX-1vSPCwvyglRSASR04NVUYEoCvoHaIqH04b3PnqOoBXZNqOOI4jsYHME4uSBZYLysuNgyEdkGnncA7_NI/pubhtml,TRUE,"<div id=""G1"" class=""current-standings filterDiv divG""><iframe src=""https://docs.google.com/spreadsheets/d/e/2PACX-1vSPCwvyglRSASR04NVUYEoCvoHaIqH04b3PnqOoBXZNqOOI4jsYHME4uSBZYLysuNgyEdkGnncA7_NI/pubhtml?gid=116573408&amp;single=true&amp;widget=true&amp;headers=false""></iframe></div>"
G2,https://docs.google.com/forms/d/e/1FAIpQLSelcTux15Qg6n8Jf-CCRZWmv7lk6XS9AxEWyvlYbVppqG_89A/viewform,https://docs.google.com/spreadsheets/d/1PVgEVqSDf557DiMueXqiujQ84tri15OOKIOCg2RzKxY,6,s77/g2,TRUE,TRUE,"<iframe src=""https://docs.google.com/spreadsheets/d/e/2PACX-1vRC1WH6UmiFB7lgQjQQhV7HeRiHaXPqef_z033StQUATg4xWJgnv4E7qojLXPnMFN-SGQwe6fbgY62U/pubhtml?gid=291596845&amp;single=true&amp;widget=true&amp;headers=false""></iframe>",https://docs.google.com/spreadsheets/d/e/2PACX-1vRC1WH6UmiFB7lgQjQQhV7HeRiHaXPqef_z033StQUATg4xWJgnv4E7qojLXPnMFN-SGQwe6fbgY62U/pubhtml,TRUE,"<div id=""G2"" class=""current-standings filterDiv divG""><iframe src=""https://docs.google.com/spreadsheets/d/e/2PACX-1vRC1WH6UmiFB7lgQjQQhV7HeRiHaXPqef_z033StQUATg4xWJgnv4E7qojLXPnMFN-SGQwe6fbgY62U/pubhtml?gid=291596845&amp;single=true&amp;widget=true&amp;headers=false""></iframe></div>"
G3,https://docs.google.com/forms/d/e/1FAIpQLSe4vAydzUZxrJwh7qaM0dUndvSrIxgkUKp53UnoPKkJgUoc7w/viewform,https://docs.google.com/spreadsheets/d/1b-4q1ZIy1s7esjod22JZ0JXqmcAAtysSaM8tR7ZrJcQ,6,s77/g3,TRUE,TRUE,"<iframe src=""https://docs.google.com/spreadsheets/d/e/2PACX-1vR_D0_uiEsHL1MAq04hHAUDEu7JYdLz-bXfW9SO1SfQxbQQ5YAWymJWNiWphsBIp-EwvLoYVSmU680r/pubhtml?gid=386959270&amp;single=true&amp;widget=true&amp;headers=false""></iframe>",https://docs.google.com/spreadsheets/d/e/2PACX-1vR_D0_uiEsHL1MAq04hHAUDEu7JYdLz-bXfW9SO1SfQxbQQ5YAWymJWNiWphsBIp-EwvLoYVSmU680r/pubhtml,TRUE,"<div id=""G3"" class=""current-standings filterDiv divG""><iframe src=""https://docs.google.com/spreadsheets/d/e/2PACX-1vR_D0_uiEsHL1MAq04hHAUDEu7JYdLz-bXfW9SO1SfQxbQQ5YAWymJWNiWphsBIp-EwvLoYVSmU680r/pubhtml?gid=386959270&amp;single=true&amp;widget=true&amp;headers=false""></iframe></div>"
G4,https://docs.google.com/forms/d/e/1FAIpQLSciWuvP88nY7aSf5GXUCBsgHyuwLrEpt6NyWLSSs714hib-_w/viewform,https://docs.google.com/spreadsheets/d/1ZZBdwdZEQlluaD1ZI8jLZKhbKEzLzHew2bCSOA9R-RU,6,s77/g4,TRUE,TRUE,"<iframe src=""https://docs.google.com/spreadsheets/d/e/2PACX-1vR3_AfkTpo6VhAv3xeBx0P8TJt8Qs3UpTvJIv5K1QOUbaW3vUx-8eO-_3g-hB7KOoNFyYU0D7Vxm4V2/pubhtml?gid=1342965418&amp;single=true&amp;widget=true&amp;headers=false""></iframe>",https://docs.google.com/spreadsheets/d/e/2PACX-1vR3_AfkTpo6VhAv3xeBx0P8TJt8Qs3UpTvJIv5K1QOUbaW3vUx-8eO-_3g-hB7KOoNFyYU0D7Vxm4V2/pubhtml,TRUE,"<div id=""G4"" class=""current-standings filterDiv divG""><iframe src=""https://docs.google.com/spreadsheets/d/e/2PACX-1vR3_AfkTpo6VhAv3xeBx0P8TJt8Qs3UpTvJIv5K1QOUbaW3vUx-8eO-_3g-hB7KOoNFyYU0D7Vxm4V2/pubhtml?gid=1342965418&amp;single=true&amp;widget=true&amp;headers=false""></iframe></div>"
G5,https://docs.google.com/forms/d/e/1FAIpQLSc4PZqQEYGcmUabovNe19m_Soircc-qPvm-O65xcf0xA0PjMw/viewform,https://docs.google.com/spreadsheets/d/1v6HvOmWlB7RX_B8DROEN1wFQys0jRrZlSxL80Rn_EZs,6,s77/g5,TRUE,TRUE,"<iframe src=""https://docs.google.com/spreadsheets/d/e/2PACX-1vRZmVmiUe3XRkyRzE3Xra1Od4k10e5XP9ZUPJv2u6AKnhzhSO0svoW1AuX9MN8O7BZFjXczvGZf2_vH/pubhtml?gid=799287457&amp;single=true&amp;widget=true&amp;headers=false""></iframe>",https://docs.google.com/spreadsheets/d/e/2PACX-1vRZmVmiUe3XRkyRzE3Xra1Od4k10e5XP9ZUPJv2u6AKnhzhSO0svoW1AuX9MN8O7BZFjXczvGZf2_vH/pubhtml,TRUE,"<div id=""G5"" class=""current-standings filterDiv divG""><iframe src=""https://docs.google.com/spreadsheets/d/e/2PACX-1vRZmVmiUe3XRkyRzE3Xra1Od4k10e5XP9ZUPJv2u6AKnhzhSO0svoW1AuX9MN8O7BZFjXczvGZf2_vH/pubhtml?gid=799287457&amp;single=true&amp;widget=true&amp;headers=false""></iframe></div>"
G6,https://docs.google.com/forms/d/e/1FAIpQLSe5GmrihcOvOO-PeUvJfykKkm8ul-Nd8zEXIPaa-NMBXWeI-Q/viewform,https://docs.google.com/spreadsheets/d/1mcTOD8Z08azSmKjAoqF-oBDMNPa8iOlSLZWH0MO5d0k,6,s77/g6,TRUE,TRUE,"<iframe src=""https://docs.google.com/spreadsheets/d/e/2PACX-1vTSdXWLlW-sVJSZUgbMipAVlqyP-lk4SmA-SqvmxqDPW9j0x-POPxbDlaaw6q9Vd2JKMiI3HKGDJRPC/pubhtml?gid=1158251185&amp;single=true&amp;widget=true&amp;headers=false""></iframe>",https://docs.google.com/spreadsheets/d/e/2PACX-1vTSdXWLlW-sVJSZUgbMipAVlqyP-lk4SmA-SqvmxqDPW9j0x-POPxbDlaaw6q9Vd2JKMiI3HKGDJRPC/pubhtml,TRUE,"<div id=""G6"" class=""current-standings filterDiv divG""><iframe src=""https://docs.google.com/spreadsheets/d/e/2PACX-1vTSdXWLlW-sVJSZUgbMipAVlqyP-lk4SmA-SqvmxqDPW9j0x-POPxbDlaaw6q9Vd2JKMiI3HKGDJRPC/pubhtml?gid=1158251185&amp;single=true&amp;widget=true&amp;headers=false""></iframe></div>"
G7,https://docs.google.com/forms/d/e/1FAIpQLScAZObeMnl9_bg_BzRDYFLSLJ5sqMqfhRgEqBCxg1rZJZazZA/viewform,https://docs.google.com/spreadsheets/d/1D0pawVW9aLTw0xkYpVl8TW-cr-eN0d3HnjfHycTV-W0,6,s77/g7,TRUE,TRUE,"<iframe src=""https://docs.google.com/spreadsheets/d/e/2PACX-1vSelhaTBy5g0Ipc6kndXzVFjKIJuW9soPdMt6FWHe5Bi4A-wwiUFwOvo56h4cYp_KMpbi4ix9Krg6KU/pubhtml?gid=2131326763&amp;single=true&amp;widget=true&amp;headers=false""></iframe>",https://docs.google.com/spreadsheets/d/e/2PACX-1vSelhaTBy5g0Ipc6kndXzVFjKIJuW9soPdMt6FWHe5Bi4A-wwiUFwOvo56h4cYp_KMpbi4ix9Krg6KU/pubhtml,TRUE,"<div id=""G7"" class=""current-standings filterDiv divG""><iframe src=""https://docs.google.com/spreadsheets/d/e/2PACX-1vSelhaTBy5g0Ipc6kndXzVFjKIJuW9soPdMt6FWHe5Bi4A-wwiUFwOvo56h4cYp_KMpbi4ix9Krg6KU/pubhtml?gid=2131326763&amp;single=true&amp;widget=true&amp;headers=false""></iframe></div>"
G8,https://docs.google.com/forms/d/e/1FAIpQLSdjM02WdZCVpyuVgCf90gj6w8kDi5FKHoGQMnfPQoUb3kUm-A/viewform,https://docs.google.com/spreadsheets/d/1romaOYkdko-U4W0ACjsm1MJrx-AZpQysqrkVEE0e7oI,6,s77/g8,TRUE,TRUE,"<iframe src=""https://docs.google.com/spreadsheets/d/e/2PACX-1vTbYmKOyxetBuQsYkng8aoc_qVTV2b0f93prprAW3tRNwR4-XcwxhzwLapRkDuvVrQYUXk_1PyrbWk8/pubhtml?gid=1213568716&amp;single=true&amp;widget=true&amp;headers=false""></iframe>",https://docs.google.com/spreadsheets/d/e/2PACX-1vTbYmKOyxetBuQsYkng8aoc_qVTV2b0f93prprAW3tRNwR4-XcwxhzwLapRkDuvVrQYUXk_1PyrbWk8/pubhtml,TRUE,"<div id=""G8"" class=""current-standings filterDiv divG""><iframe src=""https://docs.google.com/spreadsheets/d/e/2PACX-1vTbYmKOyxetBuQsYkng8aoc_qVTV2b0f93prprAW3tRNwR4-XcwxhzwLapRkDuvVrQYUXk_1PyrbWk8/pubhtml?gid=1213568716&amp;single=true&amp;widget=true&amp;headers=false""></iframe></div>"
H1,https://docs.google.com/forms/d/e/1FAIpQLSftPvsoGyWkbGOpe4ftTTTalvQ5HXeczh-Zlw66j__l_mZDFg/viewform,https://docs.google.com/spreadsheets/d/1hiaY2EBu6lY4YHHYS2_UVY7Xh4MzCIVflLdS_lR6Sd8,6,s77/h1,TRUE,TRUE,"<iframe src=""https://docs.google.com/spreadsheets/d/e/2PACX-1vQT-M1gUgqJkApVtIoXzDrMakNNsYlJCrT-CUh0oZkLtJbnxuokUWWLPe_N6JdvxnGl1C22P0I8oR8J/pubhtml?gid=1275292878&amp;single=true&amp;widget=true&amp;headers=false""></iframe>",https://docs.google.com/spreadsheets/d/e/2PACX-1vQT-M1gUgqJkApVtIoXzDrMakNNsYlJCrT-CUh0oZkLtJbnxuokUWWLPe_N6JdvxnGl1C22P0I8oR8J/pubhtml,TRUE,"<div id=""H1"" class=""current-standings filterDiv divH""><iframe src=""https://docs.google.com/spreadsheets/d/e/2PACX-1vQT-M1gUgqJkApVtIoXzDrMakNNsYlJCrT-CUh0oZkLtJbnxuokUWWLPe_N6JdvxnGl1C22P0I8oR8J/pubhtml?gid=1275292878&amp;single=true&amp;widget=true&amp;headers=false""></iframe></div>"
H2,https://docs.google.com/forms/d/e/1FAIpQLSfB1qEIBTZTj5IMjyv2DAJb60jETj60gpno1snta0LOfVFRKg/viewform,https://docs.google.com/spreadsheets/d/1hdsgNE5kVEwDotWCQ85xlxZzUyfdmwBZoAB_VFrMPgA,6,s77/h2,TRUE,TRUE,"<iframe src=""https://docs.google.com/spreadsheets/d/e/2PACX-1vTuprZavAYRNNFC8F7QJzyN_hcC3dfLzdvQ1e2Hw_Fz5szOoNcnMzIi0KgQ50O1ZndrKISZ7t-ipFgy/pubhtml?gid=1142947543&amp;single=true&amp;widget=true&amp;headers=false""></iframe>",https://docs.google.com/spreadsheets/d/e/2PACX-1vTuprZavAYRNNFC8F7QJzyN_hcC3dfLzdvQ1e2Hw_Fz5szOoNcnMzIi0KgQ50O1ZndrKISZ7t-ipFgy/pubhtml,TRUE,"<div id=""H2"" class=""current-standings filterDiv divH""><iframe src=""https://docs.google.com/spreadsheets/d/e/2PACX-1vTuprZavAYRNNFC8F7QJzyN_hcC3dfLzdvQ1e2Hw_Fz5szOoNcnMzIi0KgQ50O1ZndrKISZ7t-ipFgy/pubhtml?gid=1142947543&amp;single=true&amp;widget=true&amp;headers=false""></iframe></div>"
H3,https://docs.google.com/forms/d/e/1FAIpQLSdKMPzR_7xVdOmcDNqsRUwIyuFDIDzCm1wQyxqyE1wi1lPnxA/viewform,https://docs.google.com/spreadsheets/d/1TFl1bDxdujUCdYXpFxusQPhoB4V0mGmbefZB2fOnLyc,6,s77/h3,TRUE,TRUE,"<iframe src=""https://docs.google.com/spreadsheets/d/e/2PACX-1vTx2N_UQLMpwGUUJddt0z7DWy4kqI5uH73XBMNnV-ShIobtXzrAr8gOUmrE-WC5G5XURKo77TiO0aJv/pubhtml?gid=105536199&amp;single=true&amp;widget=true&amp;headers=false""></iframe>",https://docs.google.com/spreadsheets/d/e/2PACX-1vTx2N_UQLMpwGUUJddt0z7DWy4kqI5uH73XBMNnV-ShIobtXzrAr8gOUmrE-WC5G5XURKo77TiO0aJv/pubhtml,TRUE,"<div id=""H3"" class=""current-standings filterDiv divH""><iframe src=""https://docs.google.com/spreadsheets/d/e/2PACX-1vTx2N_UQLMpwGUUJddt0z7DWy4kqI5uH73XBMNnV-ShIobtXzrAr8gOUmrE-WC5G5XURKo77TiO0aJv/pubhtml?gid=105536199&amp;single=true&amp;widget=true&amp;headers=false""></iframe></div>"
H4,https://docs.google.com/forms/d/e/1FAIpQLSfY3KEt4vnl-34PgISsBmhL-55DdW_mmM__gLhsMZbzRIc7oQ/viewform,https://docs.google.com/spreadsheets/d/14FcDVWj49FEqXsQNEouO9H4j1t5ny8GBpL0-_EtjR1I,6,s77/h4,TRUE,TRUE,"<iframe src=""https://docs.google.com/spreadsheets/d/e/2PACX-1vQb2Ha9g12RqkA1KSlQPHJ-S5DvH8S5M1wlRTh9RHqanb0E79q4h23UGG2z_qJXz4JGZEb18SoJeZhZ/pubhtml?gid=1865766907&amp;single=true&amp;widget=true&amp;headers=false""></iframe>",https://docs.google.com/spreadsheets/d/e/2PACX-1vQb2Ha9g12RqkA1KSlQPHJ-S5DvH8S5M1wlRTh9RHqanb0E79q4h23UGG2z_qJXz4JGZEb18SoJeZhZ/pubhtml,TRUE,"<div id=""H4"" class=""current-standings filterDiv divH""><iframe src=""https://docs.google.com/spreadsheets/d/e/2PACX-1vQb2Ha9g12RqkA1KSlQPHJ-S5DvH8S5M1wlRTh9RHqanb0E79q4h23UGG2z_qJXz4JGZEb18SoJeZhZ/pubhtml?gid=1865766907&amp;single=true&amp;widget=true&amp;headers=false""></iframe></div>"
H5,https://docs.google.com/forms/d/e/1FAIpQLScoCy7oKd1v9gYDoO97USumPRgneZlz7CPqS3XsTAuRri9JXA/viewform,https://docs.google.com/spreadsheets/d/18VaeWfUF_P28rMju8X45Qr51WHw2L04q2rizhoXHBZE,6,s77/h5,TRUE,TRUE,"<iframe src=""https://docs.google.com/spreadsheets/d/e/2PACX-1vQbUe7QAjuMLeSrQoOomV6HIAmaS8RRtaDBzX7gVmv8cGqG9CeDQSjP0cTTLWbKmKDoY6mkRHfKPafW/pubhtml?gid=433421579&amp;single=true&amp;widget=true&amp;headers=false""></iframe>",https://docs.google.com/spreadsheets/d/e/2PACX-1vQbUe7QAjuMLeSrQoOomV6HIAmaS8RRtaDBzX7gVmv8cGqG9CeDQSjP0cTTLWbKmKDoY6mkRHfKPafW/pubhtml,TRUE,"<div id=""H5"" class=""current-standings filterDiv divH""><iframe src=""https://docs.google.com/spreadsheets/d/e/2PACX-1vQbUe7QAjuMLeSrQoOomV6HIAmaS8RRtaDBzX7gVmv8cGqG9CeDQSjP0cTTLWbKmKDoY6mkRHfKPafW/pubhtml?gid=433421579&amp;single=true&amp;widget=true&amp;headers=false""></iframe></div>"
H6,https://docs.google.com/forms/d/e/1FAIpQLSeFvO_w4mD13p4-FtQfavx2f5GOaYesHcJ-NrYDEkzPq2rT7A/viewform,https://docs.google.com/spreadsheets/d/1XmHpb7hqoBpIX4vpvvzCOAefaVZCZKVuQsbuFBwe3j0,6,s77/h6,TRUE,TRUE,"<iframe src=""https://docs.google.com/spreadsheets/d/e/2PACX-1vRrWwLPOK-G8h5lc49eMiCJUhWlLjHDKCyApwwMzR3jSKfgi73bI8vrTgp7PuoVTXAum8ZjWF1Yxgq4/pubhtml?gid=1600995737&amp;single=true&amp;widget=true&amp;headers=false""></iframe>",https://docs.google.com/spreadsheets/d/e/2PACX-1vRrWwLPOK-G8h5lc49eMiCJUhWlLjHDKCyApwwMzR3jSKfgi73bI8vrTgp7PuoVTXAum8ZjWF1Yxgq4/pubhtml,TRUE,"<div id=""H6"" class=""current-standings filterDiv divH""><iframe src=""https://docs.google.com/spreadsheets/d/e/2PACX-1vRrWwLPOK-G8h5lc49eMiCJUhWlLjHDKCyApwwMzR3jSKfgi73bI8vrTgp7PuoVTXAum8ZjWF1Yxgq4/pubhtml?gid=1600995737&amp;single=true&amp;widget=true&amp;headers=false""></iframe></div>"
H7,https://docs.google.com/forms/d/e/1FAIpQLSfc1NMai3ZlBD4QpJC-P0uDiDwUyIgPH-jitatLxMHUMi4UtQ/viewform,https://docs.google.com/spreadsheets/d/1Pl16nU4DtBrPTtfo9VZZA1BrGQZW_yS3roslsZ9nVds,6,s77/h7,TRUE,TRUE,"<iframe src=""https://docs.google.com/spreadsheets/d/e/2PACX-1vRyi5iU0wBG9oaY42NbhMDX69sVO6i8q4FF8wwZmx0w-qnmOifxXsJgr7bcRMXqsgFqhYBbWxdWzvqJ/pubhtml?gid=503575365&amp;single=true&amp;widget=true&amp;headers=false""></iframe>",https://docs.google.com/spreadsheets/d/e/2PACX-1vRyi5iU0wBG9oaY42NbhMDX69sVO6i8q4FF8wwZmx0w-qnmOifxXsJgr7bcRMXqsgFqhYBbWxdWzvqJ/pubhtml,TRUE,"<div id=""H7"" class=""current-standings filterDiv divH""><iframe src=""https://docs.google.com/spreadsheets/d/e/2PACX-1vRyi5iU0wBG9oaY42NbhMDX69sVO6i8q4FF8wwZmx0w-qnmOifxXsJgr7bcRMXqsgFqhYBbWxdWzvqJ/pubhtml?gid=503575365&amp;single=true&amp;widget=true&amp;headers=false""></iframe></div>"
H8,https://docs.google.com/forms/d/e/1FAIpQLSe3qgN1VqAXOTqQqvCbfRja8gmHXJIPgz8eOTmQojJ6c8492A/viewform,https://docs.google.com/spreadsheets/d/1QXobpaDpAw_uCFhFKbKhvQbAekV_xKU_ionMEW_fFOU,6,s77/h8,TRUE,TRUE,"<iframe src=""https://docs.google.com/spreadsheets/d/e/2PACX-1vTWqhYkgPkHmExTGNtDOwW5P1Iu7_DX26lKGbtEmIkdJlSjKVNdRrWLkIb37PJa__fLNjG0Qe2-68Hn/pubhtml?gid=1461010278&amp;single=true&amp;widget=true&amp;headers=false""></iframe>",https://docs.google.com/spreadsheets/d/e/2PACX-1vTWqhYkgPkHmExTGNtDOwW5P1Iu7_DX26lKGbtEmIkdJlSjKVNdRrWLkIb37PJa__fLNjG0Qe2-68Hn/pubhtml,TRUE,"<div id=""H8"" class=""current-standings filterDiv divH""><iframe src=""https://docs.google.com/spreadsheets/d/e/2PACX-1vTWqhYkgPkHmExTGNtDOwW5P1Iu7_DX26lKGbtEmIkdJlSjKVNdRrWLkIb37PJa__fLNjG0Qe2-68Hn/pubhtml?gid=1461010278&amp;single=true&amp;widget=true&amp;headers=false""></iframe></div>"
I1,https://docs.google.com/forms/d/e/1FAIpQLSdPGimfv05nYvpBTT_3S_rBEZXt6QvVTRbv9QT-INPkIRnOOw/viewform,https://docs.google.com/spreadsheets/d/1uXKUcY6bTFAJudddN-bXbwur0yveEwq8i-OoCFJMvf0,6,s77/i1,TRUE,TRUE,"<iframe src=""https://docs.google.com/spreadsheets/d/e/2PACX-1vQoK4obP4boJ_WVbHWZu5Dk1hUCbpHBTakYJ_WREYTBghL79NTp1jNjd-4tvR2GIB3sdOO79IxATUVs/pubhtml?gid=1992269486&amp;single=true&amp;widget=true&amp;headers=false""></iframe>",https://docs.google.com/spreadsheets/d/e/2PACX-1vQoK4obP4boJ_WVbHWZu5Dk1hUCbpHBTakYJ_WREYTBghL79NTp1jNjd-4tvR2GIB3sdOO79IxATUVs/pubhtml,TRUE,"<div id=""I1"" class=""current-standings filterDiv divI""><iframe src=""https://docs.google.com/spreadsheets/d/e/2PACX-1vQoK4obP4boJ_WVbHWZu5Dk1hUCbpHBTakYJ_WREYTBghL79NTp1jNjd-4tvR2GIB3sdOO79IxATUVs/pubhtml?gid=1992269486&amp;single=true&amp;widget=true&amp;headers=false""></iframe></div>"
I2,https://docs.google.com/forms/d/e/1FAIpQLSc6zRtVniHYUleVYjbyKCmZ52hZRqb1Ge9oFybGgYS7Qdx-MA/viewform,https://docs.google.com/spreadsheets/d/1WsXdtVIP7aOWvwrhvY5iylwh-nDPECk6xAjRuEy4sg4,6,s77/i2,TRUE,TRUE,"<iframe src=""https://docs.google.com/spreadsheets/d/e/2PACX-1vQpV9dj2zU8Od4-_NptTE4zCu2vVh6Mt_LkQyyat9T3ggSuv724oqJuQ6DVb13AkuJqTkZgYV1hcXgz/pubhtml?gid=393994192&amp;single=true&amp;widget=true&amp;headers=false""></iframe>",https://docs.google.com/spreadsheets/d/e/2PACX-1vQpV9dj2zU8Od4-_NptTE4zCu2vVh6Mt_LkQyyat9T3ggSuv724oqJuQ6DVb13AkuJqTkZgYV1hcXgz/pubhtml,TRUE,"<div id=""I2"" class=""current-standings filterDiv divI""><iframe src=""https://docs.google.com/spreadsheets/d/e/2PACX-1vQpV9dj2zU8Od4-_NptTE4zCu2vVh6Mt_LkQyyat9T3ggSuv724oqJuQ6DVb13AkuJqTkZgYV1hcXgz/pubhtml?gid=393994192&amp;single=true&amp;widget=true&amp;headers=false""></iframe></div>"
I3,https://docs.google.com/forms/d/e/1FAIpQLSe7LSLFL_UNPOye1ChKAVe6NkhazL_r_1wStUAvgT3-laHwUg/viewform,https://docs.google.com/spreadsheets/d/1wFplZjTfvcfunuWMzvA8RNiNzRysMfxP_jFIcOSs_fE,6,s77/i3,TRUE,TRUE,"<iframe src=""https://docs.google.com/spreadsheets/d/e/2PACX-1vRneXqXBZyA5VJxTG2dJBd_P54Paf5tDZllM9lmqt7cXwE4wMcTPg3BfiQ6iRobK4bnZAdFrBBEuU4-/pubhtml?gid=1921443407&amp;single=true&amp;widget=true&amp;headers=false""></iframe>",https://docs.google.com/spreadsheets/d/e/2PACX-1vRneXqXBZyA5VJxTG2dJBd_P54Paf5tDZllM9lmqt7cXwE4wMcTPg3BfiQ6iRobK4bnZAdFrBBEuU4-/pubhtml,TRUE,"<div id=""I3"" class=""current-standings filterDiv divI""><iframe src=""https://docs.google.com/spreadsheets/d/e/2PACX-1vRneXqXBZyA5VJxTG2dJBd_P54Paf5tDZllM9lmqt7cXwE4wMcTPg3BfiQ6iRobK4bnZAdFrBBEuU4-/pubhtml?gid=1921443407&amp;single=true&amp;widget=true&amp;headers=false""></iframe></div>"
I4,https://docs.google.com/forms/d/e/1FAIpQLSeMIW1K0uhmwlNwSMyWJBqMeuRgPEaYfwJKPOqiOwca_I95cw/viewform,https://docs.google.com/spreadsheets/d/1ZnuEJ22K9AkYYoHlHK1nilER-ax0SddewiTeXbjYZPI,6,s77/i4,TRUE,TRUE,"<iframe src=""https://docs.google.com/spreadsheets/d/e/2PACX-1vSOoo59WDUg2n4lvA42DcFT-FCOJj8rcTA6DZZBNl-Z1kF1z42hyH5ueO4TrGKS0cF9d6XWSbFZfKRs/pubhtml?gid=857045402&amp;single=true&amp;widget=true&amp;headers=false""></iframe>",https://docs.google.com/spreadsheets/d/e/2PACX-1vSOoo59WDUg2n4lvA42DcFT-FCOJj8rcTA6DZZBNl-Z1kF1z42hyH5ueO4TrGKS0cF9d6XWSbFZfKRs/pubhtml,TRUE,"<div id=""I4"" class=""current-standings filterDiv divI""><iframe src=""https://docs.google.com/spreadsheets/d/e/2PACX-1vSOoo59WDUg2n4lvA42DcFT-FCOJj8rcTA6DZZBNl-Z1kF1z42hyH5ueO4TrGKS0cF9d6XWSbFZfKRs/pubhtml?gid=857045402&amp;single=true&amp;widget=true&amp;headers=false""></iframe></div>"
I5,https://docs.google.com/forms/d/e/1FAIpQLSfEOqgKPso06-nbJlCH1wrZgDTqe5YAD6jjiBx_m2D3Mat6hw/viewform,https://docs.google.com/spreadsheets/d/1aCHGUD1-Gp-zIwNeBxhPQWwYk7rFTLGlkUm5lKIKsss,6,s77/i5,TRUE,TRUE,"<iframe src=""https://docs.google.com/spreadsheets/d/e/2PACX-1vRAyl7wmi1AvDXppJ19rBeHiTFlaJxRgp5USxz-kABsCtVJgmXfCKUE2WggwsiQMogzQC3OCzsD2BRK/pubhtml?gid=1856121222&amp;single=true&amp;widget=true&amp;headers=false""></iframe>",https://docs.google.com/spreadsheets/d/e/2PACX-1vRAyl7wmi1AvDXppJ19rBeHiTFlaJxRgp5USxz-kABsCtVJgmXfCKUE2WggwsiQMogzQC3OCzsD2BRK/pubhtml,TRUE,"<div id=""I5"" class=""current-standings filterDiv divI""><iframe src=""https://docs.google.com/spreadsheets/d/e/2PACX-1vRAyl7wmi1AvDXppJ19rBeHiTFlaJxRgp5USxz-kABsCtVJgmXfCKUE2WggwsiQMogzQC3OCzsD2BRK/pubhtml?gid=1856121222&amp;single=true&amp;widget=true&amp;headers=false""></iframe></div>"
I6,https://docs.google.com/forms/d/e/1FAIpQLSdg_RR21WvQ4tjU4_AUZ_5Hu-qHM9_HRq_UqlwIuG33LaSBzQ/viewform,https://docs.google.com/spreadsheets/d/19nduK07Zu-c4928R0fEAVxjW1VaD_op7d79m_kXf8Rw,6,s77/i6,TRUE,TRUE,"<iframe src=""https://docs.google.com/spreadsheets/d/e/2PACX-1vRcK5hnel07FOHG37tphGpTl4Q2__otM4AUWitPurQC6YvwZhaQf6oCswamYnBvtGU4mF5gi8Hn5KyT/pubhtml?gid=1095086482&amp;single=true&amp;widget=true&amp;headers=false""></iframe>",https://docs.google.com/spreadsheets/d/e/2PACX-1vRcK5hnel07FOHG37tphGpTl4Q2__otM4AUWitPurQC6YvwZhaQf6oCswamYnBvtGU4mF5gi8Hn5KyT/pubhtml,TRUE,"<div id=""I6"" class=""current-standings filterDiv divI""><iframe src=""https://docs.google.com/spreadsheets/d/e/2PACX-1vRcK5hnel07FOHG37tphGpTl4Q2__otM4AUWitPurQC6YvwZhaQf6oCswamYnBvtGU4mF5gi8Hn5KyT/pubhtml?gid=1095086482&amp;single=true&amp;widget=true&amp;headers=false""></iframe></div>"
I7,https://docs.google.com/forms/d/e/1FAIpQLScGajLAKSJNm01C40JDmBPQpEosXtlK3MXjGUHXxo05fE6P0A/viewform,https://docs.google.com/spreadsheets/d/16wQ9rI4INyKNPbZfvQ24MS3B3Sv9Pff8ixT2C6HiDmY,6,s77/i7,TRUE,TRUE,"<iframe src=""https://docs.google.com/spreadsheets/d/e/2PACX-1vS_pd9gOYtP7Q0J3otTnnDnTNuQvBUbEu2xVjY2U3BMWxum5ZBX1Qlcxa7YFbxAVtc9wmgQd5YfYa6_/pubhtml?gid=1756117345&amp;single=true&amp;widget=true&amp;headers=false""></iframe>",https://docs.google.com/spreadsheets/d/e/2PACX-1vS_pd9gOYtP7Q0J3otTnnDnTNuQvBUbEu2xVjY2U3BMWxum5ZBX1Qlcxa7YFbxAVtc9wmgQd5YfYa6_/pubhtml,TRUE,"<div id=""I7"" class=""current-standings filterDiv divI""><iframe src=""https://docs.google.com/spreadsheets/d/e/2PACX-1vS_pd9gOYtP7Q0J3otTnnDnTNuQvBUbEu2xVjY2U3BMWxum5ZBX1Qlcxa7YFbxAVtc9wmgQd5YfYa6_/pubhtml?gid=1756117345&amp;single=true&amp;widget=true&amp;headers=false""></iframe></div>"
I8,https://docs.google.com/forms/d/e/1FAIpQLSd1mk4hLJH9cdZr_mNkkozNWuwmvr6Pg7vDRCiSHyJBlasVJg/viewform,https://docs.google.com/spreadsheets/d/1OVI58HV4G4jU1ETKvA6e2aWNA26YiuZnAFdoBqUqnKI,6,s77/i8,TRUE,TRUE,"<iframe src=""https://docs.google.com/spreadsheets/d/e/2PACX-1vRon0E2DUDZtgOa0si0MU-l9H9oahxtCA-cwJppwOOQvRMZwwI1aKjUh3tBqU5TQsLk9R6VTJgRKG2Y/pubhtml?gid=1859186113&amp;single=true&amp;widget=true&amp;headers=false""></iframe>",https://docs.google.com/spreadsheets/d/e/2PACX-1vRon0E2DUDZtgOa0si0MU-l9H9oahxtCA-cwJppwOOQvRMZwwI1aKjUh3tBqU5TQsLk9R6VTJgRKG2Y/pubhtml,TRUE,"<div id=""I8"" class=""current-standings filterDiv divI""><iframe src=""https://docs.google.com/spreadsheets/d/e/2PACX-1vRon0E2DUDZtgOa0si0MU-l9H9oahxtCA-cwJppwOOQvRMZwwI1aKjUh3tBqU5TQsLk9R6VTJgRKG2Y/pubhtml?gid=1859186113&amp;single=true&amp;widget=true&amp;headers=false""></iframe></div>"
J1,https://docs.google.com/forms/d/e/1FAIpQLSdM8w2GqErcCPCVzcAW1eAb-Y4ygSgGhJe3vRAq5vEpOaozVQ/viewform,https://docs.google.com/spreadsheets/d/1OPGxhwIb6FT9BZVrSz6F2nBxhdBlRuS8nzwetWLYHfk,6,s77/j1,TRUE,TRUE,"<iframe src=""https://docs.google.com/spreadsheets/d/e/2PACX-1vQVjhTfXez22y1qSzSU2HaIgI8Mr3fJF4CChpRneMgYeb3yOL-Im4eYBrHjYE8nm94I_2g-opTSwrlH/pubhtml?gid=1586470581&amp;single=true&amp;widget=true&amp;headers=false""></iframe>",https://docs.google.com/spreadsheets/d/e/2PACX-1vQVjhTfXez22y1qSzSU2HaIgI8Mr3fJF4CChpRneMgYeb3yOL-Im4eYBrHjYE8nm94I_2g-opTSwrlH/pubhtml,TRUE,"<div id=""J1"" class=""current-standings filterDiv divJ""><iframe src=""https://docs.google.com/spreadsheets/d/e/2PACX-1vQVjhTfXez22y1qSzSU2HaIgI8Mr3fJF4CChpRneMgYeb3yOL-Im4eYBrHjYE8nm94I_2g-opTSwrlH/pubhtml?gid=1586470581&amp;single=true&amp;widget=true&amp;headers=false""></iframe></div>"
J2,https://docs.google.com/forms/d/e/1FAIpQLSfoAOwlLyNNq6RdpL5wQ9tsmMrX3TksYT7HdV7pEczxNmye9Q/viewform,https://docs.google.com/spreadsheets/d/18RSgy-T_0wNpLxeEH1Uk-5_ta4PJweIPC1r4E17Jg5M,6,s77/j2,TRUE,TRUE,"<iframe src=""https://docs.google.com/spreadsheets/d/e/2PACX-1vQpAGBOzhiQTGj0jeOEQok2HRDQqbfnB9M5DFKVeDhFj6wqHVaDFCNwZk-EjUV02g9sQxtET2qGw3cB/pubhtml?gid=990820821&amp;single=true&amp;widget=true&amp;headers=false""></iframe>",https://docs.google.com/spreadsheets/d/e/2PACX-1vQpAGBOzhiQTGj0jeOEQok2HRDQqbfnB9M5DFKVeDhFj6wqHVaDFCNwZk-EjUV02g9sQxtET2qGw3cB/pubhtml,TRUE,"<div id=""J2"" class=""current-standings filterDiv divJ""><iframe src=""https://docs.google.com/spreadsheets/d/e/2PACX-1vQpAGBOzhiQTGj0jeOEQok2HRDQqbfnB9M5DFKVeDhFj6wqHVaDFCNwZk-EjUV02g9sQxtET2qGw3cB/pubhtml?gid=990820821&amp;single=true&amp;widget=true&amp;headers=false""></iframe></div>"
J3,https://docs.google.com/forms/d/e/1FAIpQLSeNLg4pbKQPO3KtPdrNkaZ8dqCIQNzs9ixTXDiYvkIgzj6pPA/viewform,https://docs.google.com/spreadsheets/d/1fgBRLcaBu3pN-mXoGEKxxGUSvOLCxV6gk4gABQGVf3I,6,s77/j3,TRUE,TRUE,"<iframe src=""https://docs.google.com/spreadsheets/d/e/2PACX-1vTQ4GsBnvMOWAgRIgXHS_Ty7Q-m2WIZG11Ab7Fmc9fJBXDoN8Z6UWxCTiIuSHFnQXc0nLMgPfM3agPR/pubhtml?gid=525014822&amp;single=true&amp;widget=true&amp;headers=false""></iframe>",https://docs.google.com/spreadsheets/d/e/2PACX-1vTQ4GsBnvMOWAgRIgXHS_Ty7Q-m2WIZG11Ab7Fmc9fJBXDoN8Z6UWxCTiIuSHFnQXc0nLMgPfM3agPR/pubhtml,TRUE,"<div id=""J3"" class=""current-standings filterDiv divJ""><iframe src=""https://docs.google.com/spreadsheets/d/e/2PACX-1vTQ4GsBnvMOWAgRIgXHS_Ty7Q-m2WIZG11Ab7Fmc9fJBXDoN8Z6UWxCTiIuSHFnQXc0nLMgPfM3agPR/pubhtml?gid=525014822&amp;single=true&amp;widget=true&amp;headers=false""></iframe></div>"
J4,https://docs.google.com/forms/d/e/1FAIpQLSfRD5ElgwJGPREM-AS7bFZKV0AW-51vRFbRBjed9CMeqk8yhw/viewform,https://docs.google.com/spreadsheets/d/1Dj8j_fUhIc_maiId1xg8Eaj8jiucxaalVcqIeeRXDmE,6,s77/j4,TRUE,TRUE,"<iframe src=""https://docs.google.com/spreadsheets/d/e/2PACX-1vTTLG-RovMPm_urtd_ju7an90wvD1cGZ4H8arc8nwbwuYH6thUxcDosYea7zJPIQjPXdsOWeFuB3jbR/pubhtml?gid=1522719096&amp;single=true&amp;widget=true&amp;headers=false""></iframe>",https://docs.google.com/spreadsheets/d/e/2PACX-1vTTLG-RovMPm_urtd_ju7an90wvD1cGZ4H8arc8nwbwuYH6thUxcDosYea7zJPIQjPXdsOWeFuB3jbR/pubhtml,TRUE,"<div id=""J4"" class=""current-standings filterDiv divJ""><iframe src=""https://docs.google.com/spreadsheets/d/e/2PACX-1vTTLG-RovMPm_urtd_ju7an90wvD1cGZ4H8arc8nwbwuYH6thUxcDosYea7zJPIQjPXdsOWeFuB3jbR/pubhtml?gid=1522719096&amp;single=true&amp;widget=true&amp;headers=false""></iframe></div>"
J5,https://docs.google.com/forms/d/e/1FAIpQLSc871whQMGGVm7f6JWR1t37grb_6ujURNg7Lnpt7Iz075W_Ag/viewform,https://docs.google.com/spreadsheets/d/1JI6T59O6W4-VF8JrM2U6ZmcA1Uj14WsVyoApTYnpzGM,6,s77/j5,TRUE,TRUE,"<iframe src=""https://docs.google.com/spreadsheets/d/e/2PACX-1vS3mGFzKpBQ__tzU8XOWPkphOdrVuB-qJJYVW1BhntxnUf5qeqiaTKWkJ_33rGqPZxJvqUHrO7dsAiT/pubhtml?gid=2088369310&amp;single=true&amp;widget=true&amp;headers=false""></iframe>",https://docs.google.com/spreadsheets/d/e/2PACX-1vS3mGFzKpBQ__tzU8XOWPkphOdrVuB-qJJYVW1BhntxnUf5qeqiaTKWkJ_33rGqPZxJvqUHrO7dsAiT/pubhtml,TRUE,"<div id=""J5"" class=""current-standings filterDiv divJ""><iframe src=""https://docs.google.com/spreadsheets/d/e/2PACX-1vS3mGFzKpBQ__tzU8XOWPkphOdrVuB-qJJYVW1BhntxnUf5qeqiaTKWkJ_33rGqPZxJvqUHrO7dsAiT/pubhtml?gid=2088369310&amp;single=true&amp;widget=true&amp;headers=false""></iframe></div>"
J6,https://docs.google.com/forms/d/e/1FAIpQLSdBsgJGhagJYM1xugyym2W9Z-BqF6tqQLfziuJqIBUDJYgqSQ/viewform,https://docs.google.com/spreadsheets/d/1VeRz4DeX39NeZ4wdckLf-RGPD8DhZzWTbDnLz-OOLTg,6,s77/j6,TRUE,TRUE,"<iframe src=""https://docs.google.com/spreadsheets/d/e/2PACX-1vSCpk-kH0uUntdl81Ktk2mXUD76jgD8NDa2JS5ya5cNZHrwC8g5eOOg6UxxSBQ71ZR8UR16U1A4bbtV/pubhtml?gid=1438145951&amp;single=true&amp;widget=true&amp;headers=false""></iframe>",https://docs.google.com/spreadsheets/d/e/2PACX-1vSCpk-kH0uUntdl81Ktk2mXUD76jgD8NDa2JS5ya5cNZHrwC8g5eOOg6UxxSBQ71ZR8UR16U1A4bbtV/pubhtml,TRUE,"<div id=""J6"" class=""current-standings filterDiv divJ""><iframe src=""https://docs.google.com/spreadsheets/d/e/2PACX-1vSCpk-kH0uUntdl81Ktk2mXUD76jgD8NDa2JS5ya5cNZHrwC8g5eOOg6UxxSBQ71ZR8UR16U1A4bbtV/pubhtml?gid=1438145951&amp;single=true&amp;widget=true&amp;headers=false""></iframe></div>"
J7,https://docs.google.com/forms/d/e/1FAIpQLScFgvMANXDFU6RQNb3navWQyAmIkY0AT3nEsmswpaGEXoN2dw/viewform,https://docs.google.com/spreadsheets/d/1kk3F7xoHoNO-0VEOXLefnTx-PvmYTnFjH834AqgojY8,6,s77/j7,TRUE,TRUE,"<iframe src=""https://docs.google.com/spreadsheets/d/e/2PACX-1vSeK2IiIw46uQQjz1e3kGpCnQ30-vfCoOHKWYmOAAd8Lf14lcpS-hE-RjozlJBa344PXwmq1C1S7HRE/pubhtml?gid=2051571034&amp;single=true&amp;widget=true&amp;headers=false""></iframe>",https://docs.google.com/spreadsheets/d/e/2PACX-1vSeK2IiIw46uQQjz1e3kGpCnQ30-vfCoOHKWYmOAAd8Lf14lcpS-hE-RjozlJBa344PXwmq1C1S7HRE/pubhtml,TRUE,"<div id=""J7"" class=""current-standings filterDiv divJ""><iframe src=""https://docs.google.com/spreadsheets/d/e/2PACX-1vSeK2IiIw46uQQjz1e3kGpCnQ30-vfCoOHKWYmOAAd8Lf14lcpS-hE-RjozlJBa344PXwmq1C1S7HRE/pubhtml?gid=2051571034&amp;single=true&amp;widget=true&amp;headers=false""></iframe></div>"
J8,https://docs.google.com/forms/d/e/1FAIpQLSfTy5vFW8YjGE3t6BuO1PtKjPuHWTcACegABPYoi0awJF-Zqw/viewform,https://docs.google.com/spreadsheets/d/19tTK42J4_MH5G1w-lmOOXwvezao-Ix0MVO_bv6NwwJQ,6,s77/j8,TRUE,TRUE,"<iframe src=""https://docs.google.com/spreadsheets/d/e/2PACX-1vRKW9JiPcvs9hP6RPbGDEECf0jdIVCJxteGeNrh51CNZt1leXicPyCDevBWgUQpEe-jmGxj6ojiCab-/pubhtml?gid=649748716&amp;single=true&amp;widget=true&amp;headers=false""></iframe>",https://docs.google.com/spreadsheets/d/e/2PACX-1vRKW9JiPcvs9hP6RPbGDEECf0jdIVCJxteGeNrh51CNZt1leXicPyCDevBWgUQpEe-jmGxj6ojiCab-/pubhtml,TRUE,"<div id=""J8"" class=""current-standings filterDiv divJ""><iframe src=""https://docs.google.com/spreadsheets/d/e/2PACX-1vRKW9JiPcvs9hP6RPbGDEECf0jdIVCJxteGeNrh51CNZt1leXicPyCDevBWgUQpEe-jmGxj6ojiCab-/pubhtml?gid=649748716&amp;single=true&amp;widget=true&amp;headers=false""></iframe></div>"